{"epoch": 100, "lr": 0.0001, "batch": 8, "step_interval": 32, "num_workers": 2, "embedding_size": 64, "hidden_size": 128, "layer": 1, "bias": true, "print_interval": 1, "weight": {"best": 0.042161908486507624, "last": 0.042161908486507624}}